{"cameraMode":{"drawMode":0,"name":"Shaded","section":"Shading Mode"},"sceneLighting":false,"audioPlay":false,"sceneViewState":{"showFog":true,"showMaterialUpdate":false,"showSkybox":false,"showFlares":true,"showImageEffects":true,"showParticleSystems":true},"in2DMode":false,"pivot":{"x":-0.13375671207904817,"y":1.3015832901000977,"z":-0.4712880849838257},"rotation":{"x":0.3277225196361542,"y":-0.005668745841830969,"z":0.0019664473365992309,"w":0.9447551965713501},"size":0.061237234622240069,"orthographic":false}