{"cameraMode":{"drawMode":0,"name":"Shaded","section":"Shading Mode"},"sceneLighting":true,"audioPlay":false,"sceneViewState":{"showFog":true,"showMaterialUpdate":false,"showSkybox":true,"showFlares":true,"showImageEffects":true,"showParticleSystems":true},"in2DMode":false,"pivot":{"x":-2.4194650650024416,"y":-0.24906373023986817,"z":-0.8490386009216309},"rotation":{"x":0.156136155128479,"y":-0.5005388855934143,"z":0.09232287108898163,"w":0.8465021848678589},"size":3.0830860137939455,"orthographic":false}